salut,a,b
salut,7458
salut,7425
salut,7450
salut,7505
salut,7570
salut,7640
salut,7770
salut,7603
salut,7670
salut,7683
salut,7681
salut,7517
salut,7401
salut,7383
salut,7526
salut,7480
salut,7430
salut,7438
salut,7480
salut,7515
salut,7738
salut,7940
salut,7920
salut,8116
salut,8200
salut,8243
salut,8199
salut,8472
salut,8320
salut,8460
salut,8398
salut,8398
salut,8415
salut,8380
salut,8355
salut,8330
salut,8300
salut,8327
salut,8331
salut,8375
salut,8275
salut,8341
salut,8340
salut,8365
salut,8193
salut,8215
salut,8190
salut,8207
salut,8140
salut,8110
salut,8136
salut,8275
salut,8270
salut,8153
salut,8145
salut,8081
salut,8000
salut,8100
salut,8035
salut,8016
salut,7950
salut,7970
salut,8070
salut,8128
salut,8086
salut,8103
salut,8149
salut,8075
salut,8043
salut,8038
salut,7974
salut,7927
salut,7795
salut,7756
salut,7770
salut,7831
salut,7717
salut,7806
salut,7925
salut,8002
salut,8022
salut,8065
salut,8011
salut,7982
salut,8025
salut,8124
salut,8225
salut,8275
salut,8170
salut,8260
salut,8236
salut,8433
salut,8241
salut,8400
salut,8308
salut,8315
salut,8308
salut,8297
salut,8253
salut,8232
salut,8151
salut,8185
salut,8120
salut,8155
salut,8291
salut,8310
salut,8341
salut,8271
salut,8270
salut,8420
salut,8425
salut,8403
salut,8545
salut,8618
salut,8800
salut,8760
salut,8688
salut,8812
salut,8895
salut,8880
salut,8918
salut,8905
salut,8915
salut,8900
salut,8840
salut,8856
salut,8900
salut,8857
salut,8680
salut,8701
salut,8450
salut,8365
salut,8288
salut,8389
salut,8323
salut,8295
salut,8246
salut,8261
salut,8400
salut,8348
salut,8310
salut,8280
salut,8185
salut,8245
salut,8220
salut,8140
salut,8395
salut,8390
salut,8315
salut,8437
salut,8382
salut,8300
salut,8280
salut,8400
salut,8414
salut,8304
salut,8133
salut,8139
salut,8105
salut,8150
salut,8100
salut,8021
salut,8150
salut,8090
salut,8145
salut,8055
salut,7994
salut,7950
salut,8058
salut,8040
salut,8040
salut,8133
salut,8055
salut,8086
salut,8068
salut,8091
salut,8010
salut,8000
salut,8120
salut,8065
salut,7997
salut,8010
salut,8020
salut,7955
salut,7951
salut,7991
salut,8001
salut,8025
salut,8126
salut,8103
salut,8156
salut,8151
salut,8265
salut,8343
salut,8335
salut,8311
salut,8382
salut,8335
salut,8423
salut,8299
salut,8298
salut,8286
salut,8220
salut,8288
salut,8295
salut,8272
salut,8305
salut,8333
salut,8370
salut,8360
salut,8227
salut,8183
salut,8110
salut,8118
salut,8192
salut,8189
salut,8395
salut,8165
salut,8249
salut,8130
salut,8195
salut,8284
salut,8270
salut,8351
salut,8259
salut,8211
salut,8254
salut,8287
salut,8295
salut,8260
salut,8249
salut,8290
salut,8265
salut,8247
salut,8180
salut,8300
salut,8175
salut,8050
salut,8086
salut,7983
salut,8025
salut,7935
salut,7989
salut,8016
salut,8035
salut,8015
salut,7989
salut,8050
salut,7910
salut,7906
salut,7978
salut,7855
salut,7724
salut,7763
salut,7714
salut,7693
salut,7785
salut,7844
salut,7790
salut,7784
salut,7799
salut,7816
salut,7715
salut,7704
salut,7732
salut,7653
salut,7689
salut,7770
salut,7754
salut,7800
salut,7759
salut,7809
salut,7618
salut,7625
salut,7607
salut,7501
salut,7424
salut,7335
salut,7370
salut,7600
salut,7573
salut,7549
salut,7492
salut,7599
salut,7548
salut,7583
salut,7638
salut,7644
salut,7665
salut,7621
salut,7600
salut,7665
salut,7563
salut,7563
salut,7556
salut,7520
salut,7534
salut,7605
salut,7690
salut,7748
salut,7893
salut,7938
salut,7951
salut,7928
salut,7895
salut,7890
salut,7920
salut,7991
salut,8006
salut,8126
salut,8130
salut,8113
salut,8119
salut,8029
salut,7990
salut,7960
salut,8060
salut,8114
salut,8225
salut,8190
salut,8321
salut,8256
salut,8197
salut,8237
salut,8261
salut,8175
salut,8165
salut,8190
salut,8200
salut,8185
salut,8190
salut,8176
salut,8188
salut,8165
salut,8281
salut,8293
salut,8314
salut,8371
salut,8415
salut,8420
salut,8445
salut,8608
salut,8633
salut,9051
salut,8980
salut,9004
salut,9005
salut,9091
salut,9121
salut,9183
salut,9091
salut,8980
salut,9150
salut,9250
salut,9180
salut,9176
salut,9150
salut,9242
salut,9225
salut,9259
salut,9230
salut,9155
salut,9200
salut,9308
salut,9307
salut,9342
salut,9360
salut,9301
salut,9290
salut,9305
salut,9271
salut,9065
salut,9135
salut,9135
salut,9190
salut,9250
salut,9351
salut,9448
salut,9400
salut,9365
salut,9372
salut,9360
salut,9478
salut,9497
salut,9561
salut,9495
salut,9510
salut,9610
salut,9578
salut,9575
salut,9500
salut,9630
salut,9711
salut,9700
salut,9718
salut,9725
salut,9760
salut,9850
salut,9908
salut,9850
salut,9900
salut,9899
salut,9940
salut,10069
salut,9980
salut,9500
salut,9642
salut,9691
salut,9708
salut,9722
salut,9752
salut,9770
salut,9857
salut,9880
salut,9897
salut,9910
salut,9917
salut,10000
salut,9980
salut,9890
salut,9952
salut,9880
salut,9860
salut,9850
salut,9906
salut,9912
salut,9866
salut,9890
salut,9880
salut,9826
salut,9786
salut,9600
salut,9371
salut,9025
salut,9200
salut,9025
salut,9240
salut,9397
salut,9450
salut,9348
salut,9329
salut,9386
salut,9265
salut,9340
salut,9445
salut,9395
salut,9400
salut,9450
salut,9510
salut,9482
salut,9500
salut,9471
salut,9390
salut,9466
salut,9424
salut,9451
salut,9545
salut,9580
salut,9598
salut,9643
salut,9640
salut,9651
salut,9503
salut,9575
salut,9499
salut,9630
salut,9480
salut,9450
salut,9502
salut,9516
salut,9723
salut,9874
salut,10100
salut,10030
salut,10111
salut,10206
salut,10280
salut,10175
salut,10275
salut,10276
salut,10242
salut,10393
salut,10382
salut,10469
salut,10581
salut,10540
salut,10510
salut,10561
salut,10584
salut,10767
salut,10695
salut,10680
salut,10545
salut,10390
salut,10557
salut,10540
salut,10726
salut,10662
salut,10650
salut,10655
salut,10550
salut,10246
salut,10180
salut,10287
salut,10311
salut,10285
salut,10310
salut,10422
salut,10527
salut,10493
salut,10650
salut,10577
salut,10596
salut,10473
salut,10510
salut,10475
salut,10552
salut,10596
salut,10539
salut,10550
salut,10631
salut,10779
salut,10873
salut,10855
salut,10830
salut,10935
salut,10875
salut,10857
salut,10966
salut,11025
salut,11500
salut,11485
salut,11488
salut,11532
salut,11619
salut,11701
salut,11662
salut,11500
salut,11472
salut,11039
salut,11210
salut,11324
salut,11197
salut,11302
salut,11430
salut,11077
salut,10975
salut,11292
salut,11283
salut,11100
salut,11098
salut,11187
salut,11090
salut,10890
salut,11009
salut,11040
salut,11145
salut,11300
salut,11290
salut,11288
salut,11362
salut,11599
salut,11634
salut,11748
salut,11792
salut,11620
salut,11615
salut,11635
salut,11695
salut,11630
salut,11505
salut,11470
salut,11500
salut,11690
salut,11627
salut,11789
salut,11690
salut,11602
salut,11694
salut,11750
salut,11714
salut,11761
salut,11931
salut,11765
salut,11620
salut,11617
salut,11610
salut,11785
salut,11800
salut,11899
salut,11850
salut,11795
salut,11802
salut,11801
salut,11482
salut,11398
salut,11097
salut,11378
salut,11420
salut,11332
salut,11300
salut,11390
salut,11450
salut,11475
salut,11550
salut,11442
salut,11394
salut,11349
salut,11356
salut,11010
salut,10492
salut,10189
salut,10273
salut,10612
salut,10324
salut,10451
salut,10434
salut,10259
salut,10141
salut,10310
salut,10426
salut,10270
salut,10482
salut,10724
salut,10857
salut,10555
salut,10541
salut,10783
salut,10800
salut,10968
salut,10938
salut,10934
salut,10917
salut,10800
salut,10731
salut,10537
salut,10508
salut,10654
salut,10778
salut,10990
salut,11120
salut,11090
salut,11053
salut,11076
salut,10951
salut,10899
salut,10483
salut,10395
salut,10025
salut,10005
salut,9776
salut,9739
salut,9920
salut,10501
salut,10203
salut,10014
salut,10200
salut,10672
salut,9855
salut,9963
salut,10638
salut,10779
salut,10444
salut,10550
salut,10585
salut,10421
salut,10716
salut,10867
salut,10706
salut,10505
salut,10289
salut,10219
salut,10305
salut,10516
salut,10713
salut,10794
salut,10527
salut,10694
salut,10543
salut,10810
salut,10714
salut,10743
salut,10952
salut,11384
salut,11560
salut,11404
salut,11386
salut,11340
salut,11641
salut,11506
salut,11185
salut,11312
salut,11580
salut,11644
salut,11569
salut,11607
salut,11300
salut,11660
salut,11829
salut,11709
salut,11857
salut,11910
salut,11759
salut,11602
salut,11586
salut,11415
salut,11520
salut,11684
salut,11435
salut,11605
salut,11637
salut,11572
salut,11650
salut,11693
salut,11731
salut,11620
salut,11710
salut,11815
salut,12239
salut,12392
salut,12362
salut,12387
salut,12369
salut,12338
salut,12450
salut,12261
salut,12204
salut,12334
salut,12106
salut,12330
salut,12229
salut,12150
salut,12278
salut,12420
salut,12437
salut,12382
salut,12512
salut,12652
salut,12733
salut,12846
salut,12768
salut,12605
salut,12505
salut,12355
salut,12435
salut,12401
salut,12750
salut,12876
salut,12922
salut,12849
salut,12747
salut,12787
salut,12741
salut,12777
salut,12538
salut,12488
salut,12590
salut,12385
salut,12442
salut,12546
salut,12710
salut,12455
salut,12367
salut,12481
salut,12300
salut,12308
salut,12367
salut,12343
salut,12102
salut,12003
salut,11750
salut,11841
salut,11995
salut,11962
salut,12055
salut,12421
salut,12066
salut,12180
salut,12351
salut,12100
salut,12281
salut,12639
salut,12581
salut,12983
salut,12750
salut,12978
salut,12906
salut,12900
salut,12769
salut,12654
salut,12812
salut,12810
salut,12852
salut,12677
salut,12820
salut,12845
salut,12830
salut,12850
salut,12843
salut,12601
salut,12500
salut,12501
salut,12707
salut,12649
salut,12363
salut,12350
salut,12158
salut,12330
salut,12448
salut,12258
salut,12242
salut,12406
salut,12371
salut,12287
salut,11834
salut,11799
salut,11415
salut,11800
salut,11778
salut,11640
salut,11660
salut,11866
salut,11686
salut,11373
salut,11479
salut,11291
salut,11959
salut,11845
salut,11621
salut,11693
salut,11775
salut,11721
salut,11843
salut,11583
salut,11551
salut,10848
salut,10516
salut,10121
salut,10150
salut,9151
salut,9529
salut,8741
salut,9044
salut,9642
salut,9277
salut,8938
salut,9175
salut,9221
salut,9222
salut,8700
salut,8409
salut,7927
salut,8027
salut,8140
salut,8774
salut,9101
salut,9090
salut,9264
salut,9476
salut,9293
salut,8768
salut,8578
salut,8799
salut,8324
salut,8073
salut,7962
salut,8263
salut,7940
salut,7913
salut,7993
salut,7500
salut,7274
salut,7574
salut,8137
salut,7952
salut,8167
salut,8100
salut,8095
salut,7780
salut,7862
salut,8003
salut,7678
salut,8257
salut,8382
salut,8395
salut,8150
salut,7868
salut,8251
salut,8311
salut,8544
salut,8577
salut,8522
salut,8327
salut,8235
salut,8055
salut,8052
salut,8093
salut,8172
salut,8183
salut,8350
salut,8416
salut,8389
salut,8642
salut,8711
salut,8783
salut,8781
salut,8705
salut,8457
salut,8550
salut,8420
salut,8361
salut,8461
salut,8476
salut,8629
salut,8983
salut,8840
salut,8977
salut,9177
salut,9270
salut,9358
salut,9223
salut,9060
salut,9107
salut,9374
salut,9213
salut,9251
salut,9593
salut,9558
salut,9348
salut,9441
salut,9479
salut,9173
salut,9117
salut,9106
salut,8805
salut,8930
salut,8463
salut,8600
salut,8685
salut,8812
salut,9117
salut,9016
salut,8897
salut,8813
salut,8747
salut,8470
salut,8511
salut,8751
salut,8859
salut,9040
salut,9165
salut,9111
salut,8946
salut,9284
salut,9316
salut,9370
salut,9769
salut,9847
salut,9847
salut,9599
salut,9200
salut,9496
salut,9613
salut,9915
salut,9973
salut,10090
salut,10017
salut,9945
salut,10201
salut,10170
salut,10028
salut,9908
salut,9823
salut,9974
salut,10118
salut,10029
salut,9841
salut,10117
salut,10265
salut,10117
salut,9961
salut,9936
salut,10198
salut,10455
salut,10378
salut,10526
salut,10600
salut,10523
salut,10465
salut,10358
salut,10109
salut,10298
salut,10288
salut,10172
salut,10090
salut,10200
salut,10433
salut,10551
salut,10307
salut,10267
salut,10189
salut,10132
salut,10434
salut,10334
salut,10447
salut,10694
salut,10751
salut,10653
salut,10617
salut,10733
salut,10664
salut,10815
salut,10920
salut,10875
salut,10840
salut,10763
salut,10847
salut,10746
salut,10693
salut,10631
salut,10518
salut,10475
salut,10539
salut,10370
salut,10650
salut,10599
salut,10569
salut,10500
salut,10380
salut,10173
salut,10157
salut,10134
salut,10029
salut,10112
salut,10097
salut,10128
salut,10342
salut,10475
salut,10684
salut,11341
salut,11453
salut,11587
salut,11618
salut,11506
salut,11668
salut,11695
salut,11663
salut,11636
salut,11800
salut,11756
salut,11888
salut,11917
salut,11852
salut,11831
salut,11811
salut,11817
salut,11760
salut,11928
salut,11929
salut,11669
salut,11681
salut,11636
salut,11844
salut,11965
salut,11992
salut,11925
salut,11864
salut,11873
salut,12010
salut,11710
salut,11767
salut,11634
salut,11655
salut,11658
salut,11794
salut,11703
salut,11699
salut,11780
salut,11700
salut,11878
salut,11950
salut,12114
salut,12245
salut,12103
salut,12209
salut,12126
salut,12069
salut,12027
salut,12052
salut,11936
salut,11918
salut,11939
salut,11740
salut,11890
salut,12039
salut,12112
salut,12252
salut,12243
salut,12544
salut,12622
salut,12771
salut,12756
salut,12315
salut,12176
salut,12336
salut,12218
salut,12075
salut,12295
salut,12061
salut,12018
salut,12047
salut,12215
salut,12263
salut,12077
salut,11953
salut,12146
salut,12212
salut,12251
salut,12392
salut,12530
salut,12655
salut,12661
salut,12641
salut,12717
salut,12743
salut,12805
salut,12728
salut,12717
salut,12770
salut,12790
salut,12788
salut,12728
salut,12459
salut,12512
salut,12729
salut,12732
salut,12760
salut,12840
salut,12688
salut,12697
salut,12670
salut,12813
salut,12901
salut,12965
salut,12946
salut,12874
salut,12800
salut,12797
salut,12780
salut,12930
salut,12970
salut,12989
salut,13057
salut,13099
salut,13228
salut,13123
salut,13090
salut,13090
salut,13118
salut,13168
salut,13068
salut,12987
salut,12907
salut,13106
salut,12903
salut,13039
salut,13055
salut,13178
salut,13178
salut,13163
salut,13046
salut,13047
salut,12867
salut,12633
salut,12592
salut,12582
salut,12703
salut,12432
salut,12323
salut,12479
salut,12516
salut,12519
salut,12304
salut,12315
salut,12265
salut,12294
salut,12258
salut,12400
salut,12400
salut,12491
salut,12550
salut,12613
salut,12735
salut,12730
salut,12648
salut,12702
salut,12605
salut,12701
salut,12750
salut,12870
salut,12773
salut,12707
salut,12717
salut,12706
salut,12627
salut,12598
salut,12571
salut,12791
salut,12740
salut,12800
salut,12890
salut,12746
salut,12884
salut,12711
salut,12794
salut,12863
salut,12936
salut,12893
salut,12930
salut,12890
salut,12823
salut,12825
salut,12825
salut,12838
salut,12868
salut,12853
salut,12804
salut,12788
salut,12857
salut,12826
salut,12973
salut,13053
salut,13068
salut,13038
salut,12920
salut,12987
salut,12864
salut,12908
salut,12976
salut,12990
salut,12940
salut,13055
salut,13043
salut,12939
salut,12889
salut,12712
salut,12629
salut,12336
salut,12627
salut,12521
salut,12716
salut,13093
salut,13106
salut,13068
salut,13126
salut,12937
salut,12722
salut,12216
salut,12526
salut,12147
salut,12489
salut,12505
salut,12526
salut,12526
salut,12469
salut,12485
salut,12775
salut,12637
salut,12557
salut,12426
salut,12483
salut,12599
salut,12673
salut,12850
salut,12893
salut,12834
salut,13007
salut,13102
salut,13142
salut,13037
salut,12925
salut,12957
salut,12834
salut,12765
salut,12735
salut,12483
salut,12355
salut,12186
salut,12186
salut,12358
salut,12347
salut,12737
salut,12790
salut,12737
salut,12897
salut,12932
salut,12987
salut,12996
salut,12867
salut,12297
salut,12644
salut,12632
salut,12730
salut,12818
salut,12878
salut,12867
salut,12906
salut,12743
salut,12925
salut,13003
salut,13046
salut,13073
salut,13041
salut,13079
salut,13118
salut,13069
salut,12769
salut,12796
salut,12747
salut,12883
salut,12887
salut,12867
salut,12872
salut,12757
salut,12521
salut,12457
salut,12578
salut,12383
salut,12508
salut,12331
salut,12531
salut,12603
salut,12758
salut,12758
salut,12699
salut,12602
salut,12727
salut,12699
salut,12863
salut,12843
salut,12865
salut,12920
salut,12992
salut,13024
salut,13145
salut,13161
salut,13142
salut,13242
salut,13351
salut,13467
salut,13440
salut,13550
salut,13551
salut,13523
salut,13618
salut,13688
salut,13792
salut,13840
salut,13879
salut,13840
salut,13991
salut,14035
salut,14210
salut,14090
salut,13730
salut,13828
salut,13981
salut,14015
salut,14042
salut,13929
salut,13952
salut,14184
salut,14090
salut,14364
salut,14385
salut,14424
salut,14482
salut,14594
salut,14535
salut,14670
salut,14609
salut,14470
salut,14459
salut,14389
salut,14293
salut,14249
salut,14304
salut,14438
salut,14400
salut,14424
salut,14581
salut,14530
salut,14353
salut,14224
salut,14361
salut,14433
salut,14425
salut,14454
salut,14602
salut,14435
salut,14594
salut,14488
salut,14514
salut,14426
salut,14513
salut,14484
salut,14469
salut,14539
salut,14499
salut,14566
salut,14589
salut,14512
salut,14531
salut,14600
salut,14636
salut,14673
salut,14721
salut,14756
salut,14734
salut,14713
salut,14879
salut,14758
salut,14820
salut,14799
salut,14924
salut,15000
salut,14982
salut,15326
salut,15453
salut,15640
salut,15542
salut,15921
salut,16167
salut,16143
salut,16105
salut,15918
salut,16211
salut,16340
salut,16316
salut,16348
salut,16408
salut,16482
salut,16562
salut,16390
salut,16398
salut,16418
salut,16289
salut,16333
salut,16330
salut,16484
salut,16357
salut,16181
salut,15963
salut,16106
salut,16236
salut,16315
salut,15943
salut,16142
salut,16340
salut,16160
salut,15970
salut,16347
salut,16464
salut,16240
salut,16116
salut,15735
salut,15652
salut,15400
salut,15650
salut,15764
salut,15856
salut,15800
salut,16023
salut,16098
salut,16154
salut,16134
salut,16355
salut,16340
salut,16370
salut,16442
salut,16381
salut,16434
salut,16410
salut,16435
salut,16344
salut,16336
salut,16397
salut,16384
salut,16500
salut,16464
salut,16571
salut,16310
salut,16828
salut,16765
salut,16799
salut,16861
salut,16999
salut,17110
salut,17211
salut,17200
salut,17236
salut,17047
salut,16903
salut,16839
salut,16925
salut,17030
salut,16965
salut,17170
salut,16981
salut,16785
salut,17010
salut,17086
salut,17040
salut,16858
salut,16850
salut,16763
salut,16746
salut,16750
salut,16844
salut,16890
salut,16644
salut,16430
salut,16476
salut,16511